Include;notes_screening1;Notes;Citationkey;Author;Title;Publication Year;method_automated_measurement;method_visualization;method_automated_generation;method_agent;method_AutoQUEST;method_machine_learning;methodology;Usability dimension;Baseline;Sample Size;Notes;XR Technology;Measurement;dimension_general_usability;dimension_generalUX;dimension_presence;dimension_flow;dimension_interactability;dimension_learnability;dimension_emotions;dimension_usability_smells;dimension_stress;dimension_anxiety;dimension_ease_of_use;dimension_attention;dimension_UI;dimension_behaviour;dimension_comfort;dimension_cognitive_load;dimension_engagement;dimension_area_of_interest;dimension_realism;dimension_sentiment;dimension_physiological_arousal;dimension_physical_effort;measurement_none;measurement_heart_rate;measurement_decision_time;measurement_hand_movement;measurement_head_movement;measurement_facial_expression;measurement_scene_capture;measurement_events;measurement_EEG;measurement_EDA;measurement_EMG;measurement_body_temperature;measurement_speech;measurement_walking_speed;measurement_gaze;measurement_pupil;measurement_body_tracking;measurement_movement;measurement_respiration;measurement_pressure_load;control_measurement;control_dimension
include;Usability Evaluation nachlesen;Ergonomics as usability factor in AR;andronasSeamlessCollaborationHumans2023;"Andronas, Dionisis; Kampourakis, Emmanouil; Papadopoulos, Giorgos; Bakopoulou, Katerina; Kotsaris, Panagiotis Stylianos; Michalos, George; Makris, Sotiris";Towards seamless collaboration of humans and high-payload robots: An automotive case study;2023;x;;;;;;Ergonomics analysis through the sum of postural score, action forces score, material handling score in a simulation environment;ergonomics(quantifying the levels of discomfort and any risk of injury or long-term musculoskeletal issues);SUS ohne correlation;12;;AR;posture, loads on human limbs;;;;;;;;;;;;;;;;;;;;;;x;;;;;;;;;;;;;;;;;;;;x;1;1
include;agent based;technique proposal UX test agents als phd topic;sabagholizadehansariAutomatedAssessmentUser2020;Ansari, Saba Gholizadeh;Toward Automated Assessment of User Experience in Extended Reality;2020;;;;x;;;phd ankündigung using ’BDI’ agents framework, intelligent agents are deployed into the XR system to generate tests based on given UX test specifications.;UX Test Case generation, agent behaviour with different emotional preferences and relevant emotional states;;0;;XR;no measurement;x;;;;;;x;;;;;;;;;;;;;;;;x;;;;;;;;;;;;;;;;;;;;1;2
include;physiological factors;flow;bianFrameworkPhysiologicalIndicators2016;"Bian, Yulong; Yang, Chenglei; Gao, Fengqiang; Li, Huiyu; Zhou, Shisheng; Li, Hanchao; Sun, Xiaowen; Meng, Xiangxu";A framework for physiological indicators of flow in VR games: construction and preliminary evaluation;2016;x;;;;;;physiological measures;flow through: cardiovascular function, respiration, and ZM electromyography;Flow Short Scale;36;;VR;Cardiac activity, Thoracic respiration, Muscle tone;;;;x;;;;;;;;;;;;;;;;;;;;x;;;;;;;;;x;;;;;;;;x;;3;1
include;Movement;sehr kleine study und nur plot vom movement keine correlation zu fragebogen;biriczUserFriendlyVirtual2022;"Biricz, Bence; Jónás, Viktor; Vincze, Miklós; Benhamida, Abdallah; Paulik, Róbert; Kozlovszky, Miklos";User friendly virtual reality software development and testing;2022;x;;;;;;Left Right Up Down Movement of Head and Hands analyzed as actions and amount of excessive movement to minimize user fatigue, UI improvemts davon abgeleitet;trying to minimize user fatigue;Questionnaire;4;;VR;Head Movement, Hand movement;x;;;;;;;;;;;;;;;;;;;;;x;;;;x;x;;;;;;;;;;;;;;;;2;2
include;physiological factors;EEG;bozgeyikliExploringHorizontallyFlipped2023;"Bozgeyikli, Lal Lila; Bozgeyikli, Evren; Schnell, Christopher; Clark, Jaclynn";Exploring Horizontally Flipped Interaction in Virtual Reality for Improving Spatial Ability;2023;x;;;;;;EEG with a Muse 2 headband and Mind Monitor App;attention and spatial ability and its cognitive load;Mental Rotation Test as baseline for spatial ability;27;;VR;EEG theta (4-8Hz) and alpha (7.5-13Hz) bands;;;;;;;;;;;;x;;;;x;;;;;;;;;;;;;;;x;;;;;;;;;;;;1;2
include;Automatisierung nachlesen;ausführliches paper über fr nfr von locomotion;cannavoEvaluationTestbedLocomotion2021;"Cannavo, Alberto; Calandra, Davide; Prattico, F. Gabriele; Gatteschi, Valentina; Lamberti, Fabrizio";An Evaluation Testbed for Locomotion in Virtual Reality;2021;x;;;;;;Heart Rate and Calculations, heart rate at the start and end of  a scenario and is counted as physical effort, rest is objective performance measure;heart rate als physical effort, Accuracy, Operation Speed, Error Proneness als objective mearsures;Questionnaires as extension for subjective measuremsts;48;;VR;heart rate, gaze as accuraccy measure;;;;;;;;;;;;;;;;;;;;;;x;;x;;;;;;;;;;;;;;;;;;;1;1
include;Event-based;Correlation of events to heart beat ;cheEventBasedUserExperience2019;"Che, Xiaoping; Ma, Siqi; Yu, Qi; Yue, Chenfeng";An Event-Based User Experience Evaluation Method for Virtual Reality Applications;2019;x;;;;;;Heart Rate and Correlation To Grab, Touch Operate and move;UX;-;80;;VR;Heart Rate and Success Rate while capturing game events;;x;;;;;;;;;;;;;;;;;;;;;;x;;;;;;x;;;;;;;;;;;;;2;1
include;Usability Evaluation nachlesen;nicht Usability aber User experience durch den Einfluss von crowd density;dickinsonVirtualRealityCrowd2019;"Dickinson, Patrick; Gerling, Kathrin; Hicks, Kieran; Murray, John; Shearer, John; Greenwood, Jacob";Virtual reality crowd simulation: effects of agent density on user experience and behaviour;2019;x;x;;;;;logging of position and orientation, compute mean walking speed and mean distance to an agent, creating a tracejotory map as visualization;impact of crowd density on user experience in VR settings, Proxemics of virtual agents, impedment through virtual agents, participants’ affective state;PANAS Questionnaire;25;;VR;trajectory data;;x;;;;;;;;;;;;;;;;;;;;;;;;;;;;;;;;;;;;;;x;;;1;1
include;physiological factors;heart beat;dollingerIfItsNot2023;"Döllinger, Nina; Beck, Matthias; Wolf, Erik; Mal, David; Botsch, Mario; Latoschik, Marc Erich; Wienrich, Carolin";“If It’s Not Me It Doesn’t Make a Difference” - The Impact of Avatar Personalization on user Experience and Body Awareness in Virtual Reality;2023;x;;;;;;HCT;interoceptive accuracy;SMS Mind Questionnaire;86;;VR;heart rate;;;x;;;;;;;;;;;;;;;;;;;;;x;;;;;;;;;;;;;;;;;;;1;1
include;eye tracking;;dzardanovaExploringImpactNonverbal2024;"Dzardanova, E.; Nikolakopoulou, V.; Kasapakis, V.; Vosinakis, S.; Xenakis, I.; Gavalas, D.";Exploring the impact of non-verbal cues on user experience in immersive virtual reality;2024;x;;;;;;Eye Tracking and collection of areas of interest and EDA + Heart rate monitoring;area of interest, realism, empathy and social presence;Questionnaire aber ohne große korrelation tests;40;;VR;EDA, Heart Rate, Eye Tracking;;;x;;;;;;;;;;;;;;;x;x;;;;;x;;;;;;;;x;;;;;x;;;;;;3;3
include;Usability Evaluation nachlesen;;elorBioLuminImmersiveMixed2022;"Elor, A.; Whittaker, S.; Kurniawan, S.; Michael, S.";BioLumin: An Immersive Mixed Reality Experience for Interactive Microscopic Visualization and Biomedical Research Annotation;2022;x;;;;;;loggin unity, video anlysis;Behavioral Strategies for System Usage, Engagement, Usability;SUS, Presence;19;;AR;controller pose, headset pose, model pose, total eye tracking movement, model control function usages e.g. translation rotation scale, video analysis for poses;x;;;;;;;;;;;;;x;;;x;;;;;;;;;x;x;;;x;;;;;;;x;;;;;;4;3
include;AutoQUEST;Task Trees genereted after VR usage;harmsAutomatedUsabilityEvaluation2019;Harms, Patrick;Automated Usability Evaluation of Virtual Reality Applications;2019;x;;;;x;;recordings of user actions, a subsequent generation of task trees, and the detection of five usability smells with AutoQUEST;5 different Usability Smells;Manual Inspection, Counter Evaluation, Compared 4 Interaction Modes;84;;VR;Events (5 different), Sequences, Iterations;;;;;;;;x;;;;;;;;;;;;;;;;;;;;;;x;;;;;;;;;;;;;1;1
include;physiological factors;EEG, head movement for correlation of viewpoint to EEG;heAmTheaterUsability2018;"He, Linjia; Li, Hongsong; Xue, Tong; Sun, Deyuan; Zhu, Shoulun; Ding, Gangyi";Am I in the theater? usability study of live performance based virtual reality;2018;x;;;;;;EEG;Engagement;TV vs VR;25;;VR;EEG, head movement;;;;;;;;;;;;;;;;;x;;;;;;;;;;x;;;;x;;;;;;;;;;;;2;1
include;physiological factors;EEG;houDevelopingVirtualReality2017;"Hou, Guanhua; Dong, Hua; Yang, Yang";Developing a Virtual Reality Game User Experience Test Method Based on EEG Signals;2017;x;;;;;;EEG in different frequency bands;usability;expert usability judging, high vs low;32;;VR;EEG in different frequency bands;x;;;;;;;;;;;;;;;;;;;;;;;;;;;;;;x;;;;;;;;;;;;1;1
include;head rotation frequency;;hynesQoEEvaluationAugmented2020;"Hynes, E.; Flynn, R.; Lee, B.; Murray, N.";A QoE Evaluation of an Augmented Reality Procedure Assistance Application;2020;x;;;;;;high frequency head rotation;QoE through emotions delight or annoyance;paper based alternative;48;;AR;high frequency head rotation in pitch yaw and roll directions;;;;;;;x;;;;;;;;;;;;;;;;;;;;x;;;;;;;;;;;;;;;;1;1
include;face tracking;micro expressions;hynesEvaluationLowerFacial2020;"Hynes, E.; Flynn, R.; Lee, B.; Murray, N.";An Evaluation of Lower Facial Micro Expressions as an Implicit QoE Metric for an Augmented Reality Procedure Assistance Application;2020;x;;;;;;face tracking;QoE through emotions delight or annoyance;questionnaire, normal facial expression;48;;AR;micro facial expressions;;;;;;x;;;;;;;;;;;;;;;;;;;;;;x;;;;;;;;;;;;;;;1;1
include;Usability Evaluation nachlesen;;jamboVirtualRealitySystem2024;"Jambo, C.H.M.; Werneck, V.M.B.; Moreira da Costa, R.M.E.";Virtual Reality System Controlled by Embedded Artificial Intelligence for Supporting Phobia Treatment;2024;x;;;;;x;fuzzy module: The input variables used in the system are the anxiety reported by the patient and their heart rate measured by a sensor, while the output variable is the calculated anxiety.;anxiety level;;6;;VR;Heart rate;;;;;;;;;;x;;;;;;;;;;;;;;x;;;;;;;;;;;;;;;;;;;1;1
include;objective features;Physiological and Movement measures, very good introduction and related work;kaminskaUsabilityTestingVirtual2022;"Kami_ska, D.; Zwoli_ski, G.; Laska-Le_niewicz, A.";Usability Testing of Virtual Reality Applications—The Pilot Study;2022;x;;;;;x;Head and Hand tracking, EEG, Speech signal analysis classification with ML models;subjective usability;Observation, Interview and questionnaire;14;117;VR;Head Movement, Hand movement, EEG, Speech Signals;x;;;;;;;;;;;;;;;;;;;;;;;;;x;x;;;;x;;;;x;;;;;;;;4;1
include;AutoQUEST;;karakayaAutomatedUXEvaluation2022;"Karakaya, Kadiray; Yigitbas, Enes; Engels, Gregor";Automated UX Evaluation for User-Centered Design of VR Interfaces;2022;x;;;;x;;VR events: pointer click, object grab and ungrab, head movement, and rotation.;4 different Usability Smells: Important tasks, Required Inefficient actions, High interaction distance, Task retried;keine, es wurde 2 VR App Interationen mit Autoquest verglichen;14;;VR;Events;;;;;;;;x;;;;;;;;;;;;;;;;;;;;;;x;;;;;;;;;;;;;1;1
include;physiological factors;MR Driving simulator;kimWhatWhenExplain2023;"Kim, Gwangbin; Yeo, Dohyeon; Jo, Taewoo; Rus, Daniela; Kim, SeungJun";What and When to Explain? On-road Evaluation of Explanations in Highly Automated Vehicles;2023;x;;;;;;Physiological Responses measurements with sensors for HR and EDA;arousal / stress;Questionnaires;23;;MR;heart rate, electrodermal activity, body temperature;;;;;;;;;;;;;;;;;;;;;x;;;x;;;;;;;;x;;x;;;;;;;;;3;1
include;physiological factors;EEG und GSR für UX factors;kujurNeurophysiologicalUXEvaluation2023;"Kujur, Abhijeet; Khan, Sadaf H.; Kumar, Jyoti";Neurophysiological UX Evaluation of Industry 4.0 Technologies: E-commerce, e-learning Websites, and VR Simulation;2023;x;;;;;;EEG activity compared to navigational problems and GSR compared to presence, workload and flow and interpreted emotions from data;navigational problems, presence, workload and flow, Emotions;e-commerce and e-learning websites ;11;;VR;EEG, GSR;;;x;x;;;x;;;;;;;;;x;;;;;;;;;;;;;;;x;x;;;;;;;;;;;2;4
include;eye tracking;;kutsDigitalTwinIndustrial2022;"Kuts, V.; Marvel, J.A.; Aksu, M.; Pizzagalli, S.L.; Sarkans, M.; Bondarenko, Y.; Otto, T.";Digital Twin as Industrial Robots Manipulation Validation Tool;2022;x;;;;;;Eye tracking through raycast from face, heart rate + correlation with NASA-TLX;Eye tracking is used as a measurable proxy of operator attention within the virtual environment, and objective measure for ease-of-use, heart rate for stress level;NASA-TLX;40;;VR;Eye tracking, heart rate;;;;;;;;;x;;x;x;;;;;;;;;;;;x;;;;;;;;;;;;;x;;;;;;2;3
include;physiological factors;experimentalle Classification von Attention als Usability factor;longMultimodalDetectionExternal2024;"Long, Xingyu; Mayer, Sven; Chiossi, Francesco";Multimodal Detection of External and Internal Attention in Virtual Reality using EEG and Eye Tracking Features;2024;x;;;;;x;EEG, Eye Tracking  to compare Visual Complexity levels (No, Low, High) with classification algorithms;classification of attention levels through Visual Complexity levels (No, Low, High);;24;;VR;EEG alpha and theta band, Eye Tracking Pupil Diameter;;;;;;;;;;;;x;;;;;;;;;;;;;;;;;;;x;;;;;;;x;;;;;2;1
include;Usability Evaluation nachlesen;time tracking durch steps;nakamura3PIExperimentImmersion2010;"Nakamura, Ricardo; Lago, Lucas L. M.; Carneiro, Alexandre B.; Cunha, Anderson J. C.; Ortega, Fábio J. M.; Bernardes, João L.; Tori, Romero";3PI experiment: immersion in third-person view;2010;x;;;;;;time between decisions (steps) in the game;not mentioned, guessed effectiveness/efficiency;;8;8 out of 47;AR;time;;x;;;;x;;;;;;;;;;;;;;;;;;;x;;;;;;;;;;;;;;;;;;1;2
include;Usability Evaluation nachlesen;multimodal ML Model trainiert auf presence;ochsMultimodalBehavioralCues2022;"Ochs, M.; Bousquet, J.; Pergandi, J.-M.; Blache, P.";Multimodal Behavioral Cues Analysis of the Sense of Presence and Social Presence During a Social Interaction With a Virtual Patient;2022;x;;;;;x;multimodal ML Model to correlate verbal und non verbal clues to presence;level of sense of presence, level of sense of social presence;IPQ;36;36, 86 human-agent interactions, HMD, PC, CAVE;VR;Transcript of Verbal Behaviour, non verbal behaviour through rotation of head, the left and right wrists, and the left and right elbows, ;;;x;;;;;;;;;;;;;;;;;;;;;;;x;x;;;;;;;;x;;;;x;;;;4;1
include;sentiment;Grundlage zu Multimodal Behavioral Cues Analysis of the Sense of Presence and Social Presence During a Social Interaction With a Virtual Patient, welches mehr Algorithmen benutzt;ochsAutomaticPredictionSense2018;"Ochs, M.; Jain, S.; Pergandi, J.-M.; Blache, P.";Toward an automatic prediction of the sense of presence in virtual reality environment;2018;x;;;;;x;verbal, non verbal behavioural features of communication basically NLP and body morvent;AUTOMATIC PREDICTION OF THE SENSE OF PRESENCE BASED ON MULTIMODAL CUES;;38;VR (CAVE und full immersive VR);VR;time-series three-dimensional unity coordinates of 5 trackers located on the participant’s head, left and right elbows, and left and right wrists, audio+transcript, video;;;x;;;;;;;;;;;;;;;;;;;;;;;x;x;;;;;;;;x;;;;x;;;;4;1
include;eye tracking;Viel AR speziefisch aber teilweise auf VR transferierbar, der VR Teil ist automatisiert ansonsten eher Fokus auf AR konzept;oneyVisualGazeLabeling2023;"Öney, S.; Pathmanathan, N.; Becher, M.; Sedlmair, M.; Weiskopf, D.; Kurzhals, K.";Visual Gaze Labeling for Augmented Reality Studies;2023;x;x;;;;;AOI-based Gaze Analysis;AOI;;10;;AR;Gaze and area of interest;;;;;;;;;;;;;;;;;;x;;;;;;;;;;;;;;;;;;;x;;;;;;1;1
include;multimodal ux NN;multimodal deep nn;pannatteeDeepLearningFramework2025;"Pannattee, Peerawat; Shimada, Shogo; Yem, Vibol; Nishiuchi, Nobuyuki";A deep learning framework for automatic assessment of presence in virtual reality using multimodal behavioral cues;2025;x;;;;;x;DNN multimodal inputs to provide sense of presence, as IPQ prediction;sense of presence;IPQ;22;;VR;facial expression, head movement, hand movement, scene captures;;;x;;;;;;;;;;;;;;;;;;;;;;;x;x;x;x;;;;;;;;;;;;;;4;1
include;eye tracking;;pavanattoWeStillNeed2021;"Pavanatto, Leonardo; North, Chris; Bowman, Doug A.; Badea, Carmen; Stoakley, Richard";Do we still need physical monitors? An evaluation of the usability of AR virtual monitors for productivity work;2021;x;;;;;;Eye Tracking, Head Movement, als Measurement for attention and viewing distance between UI elements;Visual Attention, Viewing distance;Physical PC;18;;AR;Eye tracking for gaze, Head Orientation;;;;;;;;;;;;x;x;;;;;;;;;;;;;;x;;;;;;;;;;x;;;;;;2;2
include;Usability Evaluation nachlesen;;pfeifferEyeSee3D20Modelbased2016;"Pfeiffer, T.; Renner, P.; Pfeiffer-Leßmann, N.";EyeSee3D 2.0: Model-based real-time analysis of mobile eye-tracking in static and dynamic three-dimensional scenes;2016;x;;;;;;EyeSee3D, Situation Modle Based Eye Tracking, Logging, Kinect, Scene Camera per frame, Annotating the gaze video;areas of interest;human annotators;2;2 in 13 Experiments;AR;Eye Tracking, Skeleton Tracking;;;;;;;;;;;;;;;;;;x;;;;;;;;;;;;;;;;;;;x;;x;;;;2;1
include;agent based;agent based, nur introduction;pradaAgentbasedTestingExtended2020;"Prada, Rui; Prasetya, I. S. W. B.; Kifetew, Fitsum; Dignum, Frank; Vos, Tanja E. J.; Lander, Jason; Donnart, Jean-yves; Kazmierowski, Alexandre; Davidson, Joseph; Fernandes, Pedro M.";Agent-based Testing of Extended Reality Systems;2020;;;;x;;;software agents;general UX, evoked emotions, learnability;;no study;;XR;nur introduction of technique;;x;;;;x;x;;;;;;;;;;;;;;;;x;;;;;;;;;;;;;;;;;;;;1;3
include;Usability Evaluation nachlesen;AR no usability, unrealistic object placement detection ML, keine Usability testing nur dataset labeling;rafiPredARTAutomaticOracle2023;"Rafi, Tahmid; Zhang, Xueling; Wang, Xiaoyin";PredART: Towards Automatic Oracle Prediction of Object Placements in Augmented Reality Testing;2023;;;x;;;x;ML Model to detect misplaced object from an image, using unity MARS aka a VR environment;unrealistic object placements in AR apps;human annotators;no study;AR Simulator Unity MARS, also eigentlich virtual environment wie das andere paper kritisiert;AR;automatisiertes erstellen von Trainingsdaten, keine Messungen;;;;;;;;;;;;;;;;;;;x;;;;x;;;;;;;;;;;;;;;;;;;;1;1
include;eye tracking;;ramosEnhancingAutomotiveUsability2025;"Ramos, Catharina; Miguez, Rafael; Leão, Felipe; Rodrigues, Daniela; Demetrescu, Matheus; Sandrin, Fábio; Alfonso, Márcio; Leite, Rodrigo; Winkler, Ingrid";Enhancing Automotive Usability Testing and User Experience: Insights from Virtual Reality and Eye Tracking Integration;2025;x;x;;;;;Gazetracking and analysis using Cognitive3D, eye tracking data heatmap;attention focus, distractions, non-intuitive UI, Presence, Comfort;;2;;VR;gaze focal point;;;x;;;;;;;;;x;x;;x;;;;;;;;;;;;;;;;;;;;;;x;;;;;;1;4
include;Usability Evaluation nachlesen;heart rate and scr;salageanUtilitarianVirtualSelf2024;"Salagean, Anca; Wu, Michelle; Fletcher, George; Cosker, Darren; Fraser, Danaë Stanton";The Utilitarian Virtual Self – Using Embodied Personalized Avatars to Investigate Moral Decision-Making in Semi-Autonomous Vehicle Dilemmas;2024;x;;;;;;short time frame after decision as arousal frame for ophysiological measures;physiological arousal;;17;;VR;SCRs and heart rate, face/eyetracking for motion capture;;;;;;;;;;;;;;;;;;;;;x;;;x;;;;;;;;x;;;;;;;;;;;2;1
include;Automatisierung nachlesen;head movement;seffahLowcostTestEnvironment2008;"Seffah, Ahmed; Benn, Jonathan; Mammar, Halima Habieb";A low-cost test environment for usability studies of head-mounted virtual reality systems;2008;x;;;;;;Navigation and viewpoint control interaction;Interaction/ lernability;;2;;VR;Head Movement;;;;;x;x;;;;;;;;;;;;;;;;;;;;;x;;;;;;;;;;;;;;;;1;2
include;heart rate skelett;viel measurement aber primär für das exoskelett und wenig für usability;sreenivasanExoskeletonAssistedStanceKneeling2025;"Sreenivasan, G.; Zhu, C.; Yi, J.";Exoskeleton-Assisted Stance and Kneeling Balance and Work Task Evaluation in Construction;2025;x;;;;;;"Heart Rate als einziger ""usability"" factor";psychological stress;Questionnaire aber ohne große korrelation tests;11;;VR;Heart Rate Center of mass, center of preassure, ground reaction forces;;;;;;;;;x;;;;;;;;;;;;;;;x;;;;;;;;;;;;;;;;;;;1;1
include;Automatisierung nachlesen;Viele Ideen und analysen auf ML basis aber keine richtige beschriebene User study;sriRevolutionizingUserExperience2024;"Sri, Bande Bhavya; Amulya, Kadamati Dharani Naga Sai; Pallapothu, Beulah; Rao, M.V.L.N. Raja; P, Siva Satya Sreedhar; Abirami, A.";Revolutionizing User Experience for Product Quality Evaluation using AR/VR and NLP;2024;;;;;;x;NLP für textual comments and satisfaction in surveys, Clustering of similar User Patterns, no mention of measurements only data set for training;sentiments, interaction patterns;;no study;;AR, VR;questionnaires, comments, interactions;;;;;;;;;;;;;;x;;;;;;x;;;;;;;;;;x;;;;;x;;;;;;;;2;2
include;Automatisierung nachlesen;external AR app for evaluators als Prototyp, keine User Study nur motivational scenario;stefanidiARgusDesignerSupporting2022;"Stefanidi, Helen; Leonidis, Asterios; Korozi, Maria; Papagiannakis, George";The ARgus Designer: Supporting experts while conducting user studies of AR/MR applications;2022;x;;;;;;AR App for Evaluators that can be used to enhance studies provides speech to text as speech bubble, bio marker and gesstures  of nearby participants, no other automation than dispolaying the data;general UX, stress level, emotion;;no study;;AR;STT, stress level, emotion, heart rate, recognised gesture interaction;;x;;;;;x;;x;;;;;;;;;;;;;;;x;;;;x;;x;;;;;x;;;;;;;;4;3
include;physiological factors;Electrodermal activity;volonteEffectsInteractingCrowd2020;"Volonte, M.; Hsu, Y.-C.; Liu, K.-Y.; Mazer, J.P.; Wong, S.-K.; Babu, S.V.";Effects of Interacting with a Crowd of Emotional Virtual Humans on Users' Affective and Non-Verbal Behaviors;2020;x;;;;;;Empatica E4 wrist Sensor, Electrodermal activity(EDA) through normalized Skin Conductance Levels (SCL) data for periods of two minutes, HMD Orientation;behavioral impact between the different emotional virtual humans crowd, visual attention during conversation;Questionnaire comparison;60;;VR;Electrodermal activity, Average Head Bias in Polar Angle with NPCs;;;;;;;;;;;;x;;x;;;;;;;;;;;;;x;;;;;x;;;;;;;;;;;2;2
include;Usability Evaluation nachlesen;pupil, eye, head tracking;wangNewMirror2019;"Wang, B.; Moleta, T.J.; Schnabel, M.A.";The new mirror;2019;x;x;;;;;logs and analysis/visualisation scripts;Flow graphs, heatmaps, mental workload, challenge and skill as measure of flow as well as stress;;not mentioned;;VR;eye and pupil data Pupil Diameter, Pupil Hippus, head movement and movement data;;;;x;;;;;x;;;;;;;;;;;;;;;;;;x;;;;;;;;;;;x;;x;;;3;2
include;physiological factors;;winterImmersiveVirtualReality2021;"Winter, Carla; Kern, Florian; Gall, Dominik; Latoschik, Marc Erich; Pauli, Paul; Käthner, Ivo";Immersive virtual reality during gait rehabilitation increases walking speed and motivation: a usability evaluation with healthy participants and patients with multiple sclerosis and stroke;2021;x;;;;;;Heart Rate gemessen aber nicht in Bezug zur Usability gesetzt, Walking speed nur als effectiveness variable for rehabilitation and distractions for participants;anxiety or stress through increased heart rate;viele questionnaires;36 und 14;36 und 14, VR (semi und full immersive VR);VR;heart rate und walking speed;;;;;;;;;x;x;;;;;;;;;;;;;;x;;;;;;;;;;;;x;;;;;;;2;2
include;Automatisierung nachlesen;Custom Build Glove for MR but Displayed on see through monitor;yangUvmodeUsabilityVerification2008;"Yang, Ungyeon; Jo, Dongsik; Son, Wooho";Uvmode: usability verification mixed reality system for mobile devices;2008;x;;;;;;A custom built glove  interface, equipped with pressure and EMG  (electromyography) sensors, is used for measuring the  hand load. Pressure values are collected from the  sensors attached on each finger and palm, and the  muscle tension of the user’s forearm is measured with  an EMG sensor.;hand load, muscle tension, hand and head;;not mentioned;;MR;EMG, pressure;x;;;;;;;;;;;;;;;;;;;;;x;;;;x;x;;;;;;x;;;;;;;;;x;4;2
;;;;;;;;;;;;;;;;;;;;general_usability;generalUX;presence;flow;interactability;learnability;emotions;usability_smells;stress;anxiety;ease_of_use;attention;UI;behaviour;comfort;cognitive_load;engagement;area_of_interest;realism;sentiment;physiological_arousal;physical_effort;none;heart_rate;decision_time;hand_movement;head_movement;facial_expression;scene_capture;events;EEG;EDA;EMG;body_temperature;speech;walking_speed;gaze;pupil;body_tracking;movement;respiration;pressure_load;;
;;;;;;;;;;;;;;;;;;;;6;5;7;3;1;4;5;2;5;2;1;6;2;3;1;2;2;3;2;1;2;4;3;12;1;7;13;3;1;6;6;5;2;1;5;1;7;2;3;2;1;2;;